id,cat_id,f_trend,f_seasonal
FOODS_1_005_CA_1_evaluation,FOODS,0.18571368225718132,0.46469633302650715
FOODS_1_013_CA_1_evaluation,FOODS,0.2464196594357574,0.25970019041813464
FOODS_1_017_CA_1_evaluation,FOODS,0.15083632722272988,0.09175363059907649
FOODS_1_020_WI_1_evaluation,FOODS,0.2351739741591652,0.5138667912144812
FOODS_1_032_CA_1_evaluation,FOODS,0.5366405596937573,0.1344787465646542
FOODS_1_033_CA_1_evaluation,FOODS,0.2940856141919841,0.063977275575276
FOODS_1_041_TX_1_evaluation,FOODS,0.15985040755324564,0.31463884757213123
FOODS_1_042_WI_1_evaluation,FOODS,0.03649622899202154,0.3198232340952121
FOODS_1_046_CA_1_evaluation,FOODS,0.2825190989650542,0.3203080562170405
FOODS_1_058_CA_1_evaluation,FOODS,0.027852890725765245,0.20927265696434616
FOODS_1_058_WI_1_evaluation,FOODS,0.08237121407217596,0.23639907866457388
FOODS_1_059_TX_1_evaluation,FOODS,0.5652765387982271,0.2377371241025913
FOODS_1_061_CA_1_evaluation,FOODS,0.2421489944232763,0.22971786271604888
FOODS_1_063_WI_1_evaluation,FOODS,0.15800771725278207,0.3047121468401024
FOODS_1_067_CA_1_evaluation,FOODS,0.04755913889672725,0.00447680645550963
FOODS_1_074_TX_1_evaluation,FOODS,0.15166944686737238,0.267419172601408
FOODS_1_076_WI_1_evaluation,FOODS,0.4901870283692872,0.2359171544702252
FOODS_1_080_TX_1_evaluation,FOODS,0.0,0.23786454848907956
FOODS_1_102_TX_1_evaluation,FOODS,0.06477364335127955,0.30710490918079225
FOODS_1_105_TX_1_evaluation,FOODS,0.24731636911182076,0.32823717848714673
FOODS_1_114_CA_1_evaluation,FOODS,0.10318251224209518,0.5146392751649853
FOODS_1_117_WI_1_evaluation,FOODS,0.2783731718350604,0.3955088074936671
FOODS_1_126_CA_1_evaluation,FOODS,0.32172922864847353,0.27603190121153864
FOODS_1_134_CA_1_evaluation,FOODS,0.1501816508101439,0.6826125040213153
FOODS_1_136_WI_1_evaluation,FOODS,0.2656280119676304,0.14771980010539076
FOODS_1_142_TX_1_evaluation,FOODS,0.005364482141179905,0.0
FOODS_1_147_WI_1_evaluation,FOODS,0.2657212197030888,0.39090837801765077
FOODS_1_155_TX_1_evaluation,FOODS,0.38211859111218405,0.3814162175165329
FOODS_1_156_TX_1_evaluation,FOODS,0.09310253266210056,0.1353934388001241
FOODS_1_158_TX_1_evaluation,FOODS,0.10647825118220366,0.21163934573795018
FOODS_1_159_WI_1_evaluation,FOODS,0.7164550829274305,0.457478841139509
FOODS_1_166_WI_1_evaluation,FOODS,0.3944571224111155,0.48279313130526424
FOODS_1_180_CA_1_evaluation,FOODS,0.09441119293289513,0.6904976669529623
FOODS_1_193_WI_1_evaluation,FOODS,0.022791387315765688,0.3733689811736791
FOODS_1_194_TX_1_evaluation,FOODS,0.03184219823272416,0.1031473458762352
FOODS_1_196_CA_1_evaluation,FOODS,0.11549873589592186,0.32135117276229874
FOODS_1_199_TX_1_evaluation,FOODS,0.15639378223555733,0.4246817258190435
FOODS_1_202_TX_1_evaluation,FOODS,0.2473808667380114,0.4672660094201605
FOODS_1_204_TX_1_evaluation,FOODS,0.40181818465148356,0.26922533669081694
FOODS_1_205_CA_1_evaluation,FOODS,0.21220096068096583,0.15675397545736702
FOODS_1_207_CA_1_evaluation,FOODS,0.07813720272658864,0.39900781840132127
FOODS_1_208_CA_1_evaluation,FOODS,0.08161787303690826,0.1687177951935077
FOODS_1_212_TX_1_evaluation,FOODS,0.09207819178738541,0.37883937709955595
FOODS_1_216_CA_1_evaluation,FOODS,0.0,0.3598558080170067
FOODS_1_216_WI_1_evaluation,FOODS,0.08294918280210029,0.26470654898202184
FOODS_1_218_CA_1_evaluation,FOODS,0.20293350534083565,0.34158787967723214
FOODS_1_218_TX_1_evaluation,FOODS,0.31557028810383014,0.2657053116525442
FOODS_2_001_CA_1_evaluation,FOODS,0.5043008200023353,0.20544540514739085
FOODS_2_007_WI_1_evaluation,FOODS,0.7021236445782237,0.953630165091978
FOODS_2_009_TX_1_evaluation,FOODS,0.21961542757643215,0.19442771515153456
FOODS_2_012_TX_1_evaluation,FOODS,0.022486437305030305,0.18562290827039607
FOODS_2_014_WI_1_evaluation,FOODS,0.004676542405336881,0.48904392630478244
FOODS_2_029_CA_1_evaluation,FOODS,0.1947960539369562,0.11186324105959866
FOODS_2_034_TX_1_evaluation,FOODS,0.2537965521985661,0.3060040019855981
FOODS_2_035_WI_1_evaluation,FOODS,0.9621119283945873,0.967046145086561
FOODS_2_040_WI_1_evaluation,FOODS,0.3450233956675165,0.9371053181358145
FOODS_2_044_WI_1_evaluation,FOODS,0.1567315543447958,0.2627635312814607
FOODS_2_045_CA_1_evaluation,FOODS,0.08336846279811339,0.2425213389726999
FOODS_2_047_TX_1_evaluation,FOODS,0.5339736781963156,0.5085824185821313
FOODS_2_063_TX_1_evaluation,FOODS,0.19852375487576002,0.28061384760109964
FOODS_2_074_WI_1_evaluation,FOODS,0.2113303831727925,0.5500430017375718
FOODS_2_082_TX_1_evaluation,FOODS,0.2949980195512034,0.42310516867306036
FOODS_2_103_TX_1_evaluation,FOODS,0.47318334208667034,0.287719685080175
FOODS_2_106_WI_1_evaluation,FOODS,0.10656054804417747,0.4199970413750669
FOODS_2_111_WI_1_evaluation,FOODS,0.09642136091521814,0.2997881047208254
FOODS_2_119_CA_1_evaluation,FOODS,0.5691117027658774,0.047911082070632216
FOODS_2_120_TX_1_evaluation,FOODS,0.12092034168916588,0.4417155340187777
FOODS_2_129_CA_1_evaluation,FOODS,0.014505106740176243,0.28445052919723435
FOODS_2_129_WI_1_evaluation,FOODS,0.12009061009453748,0.22212998335120748
FOODS_2_131_WI_1_evaluation,FOODS,0.2267900720643259,0.44656548524386164
FOODS_2_135_CA_1_evaluation,FOODS,0.13285447560694608,0.21001234053207285
FOODS_2_137_WI_1_evaluation,FOODS,0.18142475666358016,0.2195566345466924
FOODS_2_140_CA_1_evaluation,FOODS,0.012026586205060585,0.0
FOODS_2_142_TX_1_evaluation,FOODS,0.0,0.39427576697589806
FOODS_2_146_WI_1_evaluation,FOODS,0.061082431474776766,0.19525101061851813
FOODS_2_171_TX_1_evaluation,FOODS,0.5481097422012547,0.4655114077793876
FOODS_2_173_CA_1_evaluation,FOODS,0.2654517567650877,0.2464508017166005
FOODS_2_175_WI_1_evaluation,FOODS,0.5463865393618736,0.43544611522858945
FOODS_2_181_WI_1_evaluation,FOODS,0.8512119888564447,0.500557564381507
FOODS_2_195_WI_1_evaluation,FOODS,0.06095308782647746,0.25797212724016816
FOODS_2_196_TX_1_evaluation,FOODS,0.36179247767898337,0.4325216218134422
FOODS_2_197_WI_1_evaluation,FOODS,0.06327715108310739,0.2497457400725891
FOODS_2_198_CA_1_evaluation,FOODS,0.18503411558578164,0.16226918109705346
FOODS_2_199_CA_1_evaluation,FOODS,0.14875758883069046,0.21043322214060722
FOODS_2_208_CA_1_evaluation,FOODS,0.48492151081759516,0.1998682033235687
FOODS_2_220_WI_1_evaluation,FOODS,0.22639468874383717,0.032997832694635854
FOODS_2_221_CA_1_evaluation,FOODS,0.6526163550281938,0.3460328736680994
FOODS_2_223_TX_1_evaluation,FOODS,0.32808944410856067,0.1319059945313822
FOODS_2_228_WI_1_evaluation,FOODS,0.029872580780395896,0.4859101774866994
FOODS_2_230_TX_1_evaluation,FOODS,0.323005903588091,0.18473305409659457
FOODS_2_238_TX_1_evaluation,FOODS,0.1697038606533663,0.32317090451486175
FOODS_2_239_WI_1_evaluation,FOODS,0.18260059428241238,0.7570266027431736
FOODS_2_241_TX_1_evaluation,FOODS,0.21367418661165893,0.24169758076166625
FOODS_2_247_WI_1_evaluation,FOODS,0.24166661451980886,0.23606791945640293
FOODS_2_270_WI_1_evaluation,FOODS,0.0,0.5542290695216237
FOODS_2_274_CA_1_evaluation,FOODS,0.32931618613336444,0.36112451072953977
FOODS_2_276_CA_1_evaluation,FOODS,0.47383568331631676,0.1979415374964375
FOODS_2_307_WI_1_evaluation,FOODS,0.09824751687745237,0.5555693988558863
FOODS_2_313_TX_1_evaluation,FOODS,0.10762412303735291,0.3860460545452691
FOODS_2_343_CA_1_evaluation,FOODS,0.0,0.025608670856780313
FOODS_2_345_TX_1_evaluation,FOODS,0.4923363219656437,0.8173062948753139
FOODS_2_349_WI_1_evaluation,FOODS,0.0380356976917372,0.2529440254736127
FOODS_2_357_TX_1_evaluation,FOODS,0.5117749427157297,0.5015803551746848
FOODS_2_360_CA_1_evaluation,FOODS,0.7090392903547691,0.5977178674652637
FOODS_2_363_TX_1_evaluation,FOODS,0.7726338194000807,0.9673380599243095
FOODS_2_378_WI_1_evaluation,FOODS,0.2699399463691019,0.5326252633465509
FOODS_2_380_CA_1_evaluation,FOODS,0.16197049504677918,0.26101369865592816
FOODS_2_383_WI_1_evaluation,FOODS,0.3374107801358246,0.6059192301469297
FOODS_2_391_TX_1_evaluation,FOODS,0.23749025423495884,0.3242501806410305
FOODS_2_395_TX_1_evaluation,FOODS,0.10678300039412036,0.6471437724670943
FOODS_2_398_CA_1_evaluation,FOODS,0.26559393060945646,0.3191611156771901
FOODS_2_398_WI_1_evaluation,FOODS,0.6413028510992286,0.48583447349365727
FOODS_3_001_TX_1_evaluation,FOODS,0.21280075335140836,0.05313719453193899
FOODS_3_010_WI_1_evaluation,FOODS,0.06749044376401736,0.5967711867794673
FOODS_3_011_WI_1_evaluation,FOODS,0.14564530334881398,0.34810449340861804
FOODS_3_013_CA_1_evaluation,FOODS,0.0038250983948436845,0.46137524210928416
FOODS_3_013_WI_1_evaluation,FOODS,0.2480084968476164,0.52754367932427
FOODS_3_014_CA_1_evaluation,FOODS,0.5913692077759347,0.05341394492868279
FOODS_3_033_TX_1_evaluation,FOODS,0.4638307222049285,0.9899264479390422
FOODS_3_036_CA_1_evaluation,FOODS,0.1578187009966695,0.5614718563797367
FOODS_3_036_WI_1_evaluation,FOODS,0.07954588117446437,0.5903988448696882
FOODS_3_040_WI_1_evaluation,FOODS,0.0888338483611889,0.47659188611775316
FOODS_3_048_TX_1_evaluation,FOODS,0.18577408829723963,0.16084941572102252
FOODS_3_057_TX_1_evaluation,FOODS,0.24492846445685368,0.2277625713377338
FOODS_3_077_CA_1_evaluation,FOODS,0.32120421510675556,0.6361720976915979
FOODS_3_078_TX_1_evaluation,FOODS,0.40951537731326604,0.0
FOODS_3_084_CA_1_evaluation,FOODS,0.7044066968389988,0.8175346314437535
FOODS_3_085_CA_1_evaluation,FOODS,0.2352557147152664,0.9542655126164308
FOODS_3_085_WI_1_evaluation,FOODS,0.6752475061262775,0.9991400752160009
FOODS_3_086_WI_1_evaluation,FOODS,0.18138395849961475,0.6465863058092001
FOODS_3_087_TX_1_evaluation,FOODS,0.06034201952934204,0.4293995549401023
FOODS_3_094_WI_1_evaluation,FOODS,0.09919555512977296,0.49352682565117234
FOODS_3_096_TX_1_evaluation,FOODS,0.5554324876920798,0.26470834167251944
FOODS_3_104_WI_1_evaluation,FOODS,0.26745120257886335,0.3447073377814296
FOODS_3_106_TX_1_evaluation,FOODS,0.4686307504406193,0.9900716829424545
FOODS_3_128_TX_1_evaluation,FOODS,0.44652231739934656,0.4067105059354058
FOODS_3_132_TX_1_evaluation,FOODS,0.7108158136792322,0.36879323333869596
FOODS_3_135_TX_1_evaluation,FOODS,0.6303456210111337,0.20509242337908784
FOODS_3_137_CA_1_evaluation,FOODS,0.9062814022033302,0.9781741266491707
FOODS_3_143_TX_1_evaluation,FOODS,0.16884175529900924,0.7803568403024386
FOODS_3_151_CA_1_evaluation,FOODS,0.7710275236693803,0.33474146864456544
FOODS_3_161_CA_1_evaluation,FOODS,0.06983788874324481,0.32431609681078777
FOODS_3_188_TX_1_evaluation,FOODS,0.02884358829182576,0.08402839645256821
FOODS_3_188_WI_1_evaluation,FOODS,0.0,0.389603238162037
FOODS_3_196_CA_1_evaluation,FOODS,0.059281167995492545,0.2991028570598442
FOODS_3_198_WI_1_evaluation,FOODS,0.03983599050896691,0.4424396594078528
FOODS_3_200_TX_1_evaluation,FOODS,0.13898622998580956,0.14858281734479784
FOODS_3_206_TX_1_evaluation,FOODS,0.050249139403302445,0.35267143157171754
FOODS_3_210_CA_1_evaluation,FOODS,0.18252859977575508,0.34765475546476765
FOODS_3_211_TX_1_evaluation,FOODS,0.1331160549629692,0.20618537120167102
FOODS_3_213_CA_1_evaluation,FOODS,0.23462974393689406,0.26054623238973196
FOODS_3_223_TX_1_evaluation,FOODS,0.0,0.1929347418943529
FOODS_3_240_TX_1_evaluation,FOODS,0.10058487788518833,0.4333267716575254
FOODS_3_243_CA_1_evaluation,FOODS,0.4493058234452748,0.406893953948151
FOODS_3_246_WI_1_evaluation,FOODS,0.03339010888114091,0.17190142142485132
FOODS_3_265_WI_1_evaluation,FOODS,0.02063380871734255,0.3079124467252847
FOODS_3_269_CA_1_evaluation,FOODS,0.080349550129443,0.4621603191634114
FOODS_3_269_WI_1_evaluation,FOODS,0.19212624021444769,0.1591845276246674
FOODS_3_272_WI_1_evaluation,FOODS,0.09005649204885247,0.3687656127380534
FOODS_3_273_TX_1_evaluation,FOODS,0.02893882145158655,0.28255309705444553
FOODS_3_276_CA_1_evaluation,FOODS,0.3341639559443206,0.3420864204265245
FOODS_3_283_TX_1_evaluation,FOODS,0.20765746664861928,0.2869847735850991
FOODS_3_287_WI_1_evaluation,FOODS,0.47392718316832405,0.2871990911489617
FOODS_3_291_WI_1_evaluation,FOODS,0.11934277182702357,0.2969141021597619
FOODS_3_293_CA_1_evaluation,FOODS,0.20095235639524656,0.01553412558840317
FOODS_3_295_CA_1_evaluation,FOODS,0.13294872760306986,0.20191457730364049
FOODS_3_299_WI_1_evaluation,FOODS,0.05068470819211379,0.5509511197963037
FOODS_3_304_TX_1_evaluation,FOODS,0.6205926418630849,0.357718292706966
FOODS_3_308_TX_1_evaluation,FOODS,0.04958014001093658,0.0860715834682586
FOODS_3_314_CA_1_evaluation,FOODS,0.3629384947640554,0.18779212768989018
FOODS_3_321_TX_1_evaluation,FOODS,0.5923771279956493,0.2994659144718117
FOODS_3_322_WI_1_evaluation,FOODS,0.09938387198613996,0.31493845687099764
FOODS_3_331_CA_1_evaluation,FOODS,0.6269556623389858,0.4246040068403829
FOODS_3_335_TX_1_evaluation,FOODS,0.2025799509879571,0.18325931217638802
FOODS_3_338_CA_1_evaluation,FOODS,0.32319611092471257,0.9837659680107044
FOODS_3_344_TX_1_evaluation,FOODS,0.4758593989024775,0.8063364533292563
FOODS_3_346_CA_1_evaluation,FOODS,0.17908155083798993,0.08827910696087948
FOODS_3_361_CA_1_evaluation,FOODS,0.04706520993296737,0.45559563260111624
FOODS_3_363_TX_1_evaluation,FOODS,0.5405185396068493,0.3031793223045074
FOODS_3_364_CA_1_evaluation,FOODS,0.9743638353382185,0.9992074285482772
FOODS_3_373_TX_1_evaluation,FOODS,0.1790176216487761,0.20675485255560844
FOODS_3_376_CA_1_evaluation,FOODS,0.16676723173970887,0.21235527661906894
FOODS_3_376_WI_1_evaluation,FOODS,0.0,0.20425496683252253
FOODS_3_379_WI_1_evaluation,FOODS,0.35951661931779433,0.24210249727066468
FOODS_3_381_CA_1_evaluation,FOODS,0.648125441110794,0.3366303799457787
FOODS_3_384_WI_1_evaluation,FOODS,0.008516268824679263,0.3486490246676628
FOODS_3_387_TX_1_evaluation,FOODS,0.11079147532380518,0.16495333907335186
FOODS_3_388_TX_1_evaluation,FOODS,0.3158452068981945,0.14565954642258605
FOODS_3_390_CA_1_evaluation,FOODS,0.7879673039406326,0.896601103852224
FOODS_3_391_TX_1_evaluation,FOODS,0.3983633514624352,0.3907716588119574
FOODS_3_397_CA_1_evaluation,FOODS,0.12102793700448744,0.2912814132569572
FOODS_3_398_WI_1_evaluation,FOODS,0.6880705923609787,0.3875331272280197
FOODS_3_401_WI_1_evaluation,FOODS,0.08392685759993601,0.3399312144388975
FOODS_3_407_CA_1_evaluation,FOODS,0.4872505023017091,0.4676978321047134
FOODS_3_412_CA_1_evaluation,FOODS,0.31673811169379806,0.3557522009068521
FOODS_3_412_WI_1_evaluation,FOODS,0.18079371049159398,0.334528584778524
FOODS_3_424_WI_1_evaluation,FOODS,0.15704698031106656,0.21817956149670037
FOODS_3_426_CA_1_evaluation,FOODS,0.03350403940848379,0.4694751098264711
FOODS_3_428_WI_1_evaluation,FOODS,0.0079354591696853,0.5208635291065546
FOODS_3_434_TX_1_evaluation,FOODS,0.16222740235193,0.3228982725889936
FOODS_3_437_WI_1_evaluation,FOODS,0.04646660161454952,0.3805315578462315
FOODS_3_448_CA_1_evaluation,FOODS,0.1769514331921157,0.202518070253783
FOODS_3_449_TX_1_evaluation,FOODS,0.13706099820829742,0.15547579698426672
FOODS_3_453_WI_1_evaluation,FOODS,0.11098578737862885,0.5598656140625409
FOODS_3_455_WI_1_evaluation,FOODS,0.22927125795005787,0.16218395619777692
FOODS_3_459_CA_1_evaluation,FOODS,0.8009875289039063,0.5331956108633046
FOODS_3_462_WI_1_evaluation,FOODS,0.014836280335950858,0.28255450284169603
FOODS_3_476_WI_1_evaluation,FOODS,0.09259192776073388,0.06839372318275216
FOODS_3_482_WI_1_evaluation,FOODS,0.4892577250873281,0.8454370646282466
FOODS_3_485_CA_1_evaluation,FOODS,0.47599133317860376,0.4162722567708014
FOODS_3_486_WI_1_evaluation,FOODS,0.03983600174820645,0.2723124320115531
FOODS_3_489_WI_1_evaluation,FOODS,0.9490674871477945,0.9998230527657959
FOODS_3_494_TX_1_evaluation,FOODS,0.18467953174220197,0.3913252038283539
FOODS_3_509_TX_1_evaluation,FOODS,0.16605297397763308,0.3173418053197875
FOODS_3_512_WI_1_evaluation,FOODS,0.2774689445712746,0.6235015503234453
FOODS_3_521_CA_1_evaluation,FOODS,0.9919713003652662,0.9996806019616435
FOODS_3_521_WI_1_evaluation,FOODS,0.101055201568653,0.6592044782882713
FOODS_3_534_WI_1_evaluation,FOODS,0.05765497100557082,0.1677891842622442
FOODS_3_536_TX_1_evaluation,FOODS,0.04356304295757507,0.20955412336980994
FOODS_3_538_TX_1_evaluation,FOODS,0.08920984310963431,0.19864169475884907
FOODS_3_539_WI_1_evaluation,FOODS,0.28997477823494466,0.18717034726534
FOODS_3_548_TX_1_evaluation,FOODS,0.014281915000506906,0.07783981971526388
FOODS_3_577_TX_1_evaluation,FOODS,0.29735308035607455,0.4673330222118355
FOODS_3_583_CA_1_evaluation,FOODS,0.9994929051709536,0.9992751920669364
FOODS_3_590_TX_1_evaluation,FOODS,0.0009285712415570968,0.2623511712254316
FOODS_3_590_WI_1_evaluation,FOODS,0.12854351323454938,0.3234945158343232
FOODS_3_596_WI_1_evaluation,FOODS,0.3042612843031729,0.2514855831749333
FOODS_3_597_WI_1_evaluation,FOODS,0.0,0.34491686347088035
FOODS_3_610_TX_1_evaluation,FOODS,0.32273932027233465,0.20697214043493906
FOODS_3_615_CA_1_evaluation,FOODS,0.4443686337255681,0.1960487153978695
FOODS_3_622_WI_1_evaluation,FOODS,0.23516674450991681,0.10110841494072809
FOODS_3_623_TX_1_evaluation,FOODS,0.0,0.3164536352426036
FOODS_3_631_WI_1_evaluation,FOODS,0.017557246084448197,0.4108913706802715
FOODS_3_639_CA_1_evaluation,FOODS,0.6727653366351052,0.8986360993787018
FOODS_3_649_TX_1_evaluation,FOODS,0.15807714716526666,0.17824346334489127
FOODS_3_654_CA_1_evaluation,FOODS,0.30482277040739014,0.01842115618743756
FOODS_3_657_CA_1_evaluation,FOODS,0.515858398194982,0.12227690968588845
FOODS_3_673_WI_1_evaluation,FOODS,0.024229392936685024,0.43311361179516383
FOODS_3_674_TX_1_evaluation,FOODS,0.3248703369335515,0.3366249251595218
FOODS_3_675_TX_1_evaluation,FOODS,0.1557149202646707,0.0035403260373361167
FOODS_3_676_TX_1_evaluation,FOODS,0.3244059322756768,0.3610489888115772
FOODS_3_681_CA_1_evaluation,FOODS,0.11667870230290067,0.3245882066447644
FOODS_3_684_WI_1_evaluation,FOODS,0.0,0.5402732359344891
FOODS_3_685_TX_1_evaluation,FOODS,0.05958639490628759,0.3308379510090501
FOODS_3_686_WI_1_evaluation,FOODS,0.14856235643597238,0.1735370712607126
FOODS_3_703_TX_1_evaluation,FOODS,0.9925030258225872,0.996290287034207
FOODS_3_708_WI_1_evaluation,FOODS,0.25636304065596327,0.466108753179452
FOODS_3_712_WI_1_evaluation,FOODS,0.16192296558441344,0.34923036454296397
FOODS_3_718_CA_1_evaluation,FOODS,0.2220383886961368,0.2735885687261135
FOODS_3_721_WI_1_evaluation,FOODS,0.5546058057922343,0.31881303374083914
FOODS_3_731_TX_1_evaluation,FOODS,0.12155023433945711,0.246886939489816
FOODS_3_744_TX_1_evaluation,FOODS,0.3898837702945869,0.42294175220338304
FOODS_3_748_TX_1_evaluation,FOODS,0.5186200337593971,0.1300387580443313
FOODS_3_752_CA_1_evaluation,FOODS,0.19615897244280245,0.39717405548654894
FOODS_3_759_CA_1_evaluation,FOODS,0.16555118039553363,0.5535062013474799
FOODS_3_762_CA_1_evaluation,FOODS,0.2404670452708123,0.10729320031042078
FOODS_3_766_CA_1_evaluation,FOODS,0.20557171537832286,0.2109290563856545
FOODS_3_769_TX_1_evaluation,FOODS,0.103893444033616,0.0
FOODS_3_770_TX_1_evaluation,FOODS,0.2742617215996662,0.44962933975107366
FOODS_3_771_CA_1_evaluation,FOODS,0.47367841848646086,0.3988192379027612
FOODS_3_774_TX_1_evaluation,FOODS,0.3606292515799795,0.20926365480558595
FOODS_3_778_CA_1_evaluation,FOODS,0.13704315410824608,0.3471835977567894
FOODS_3_792_WI_1_evaluation,FOODS,0.1723544020845763,0.28804890658108373
FOODS_3_794_WI_1_evaluation,FOODS,0.0,0.09614313560773169
FOODS_3_803_CA_1_evaluation,FOODS,0.14372739155827585,0.5864288618671996
FOODS_3_807_TX_1_evaluation,FOODS,0.1026439744985509,0.2953193781139237
FOODS_3_821_WI_1_evaluation,FOODS,0.32848537908878406,0.5683964644589226
HOBBIES_1_002_WI_1_evaluation,HOBBIES,0.00940430572440587,0.24411347590005472
HOBBIES_1_003_CA_1_evaluation,HOBBIES,0.9779392994980383,0.9903558405542456
HOBBIES_1_003_WI_1_evaluation,HOBBIES,0.9184717088618257,0.9992209967743332
HOBBIES_1_005_CA_1_evaluation,HOBBIES,0.046528062998519304,0.3490959043552553
HOBBIES_1_006_CA_1_evaluation,HOBBIES,0.437487246772871,0.41691992191727667
HOBBIES_1_007_CA_1_evaluation,HOBBIES,0.0,0.15591360275188948
HOBBIES_1_007_WI_1_evaluation,HOBBIES,0.47191947512419474,0.2647106179192519
HOBBIES_1_009_CA_1_evaluation,HOBBIES,0.45755807189402653,0.17519926973579525
HOBBIES_1_009_WI_1_evaluation,HOBBIES,0.06507516359087295,0.46462652435709917
HOBBIES_1_011_CA_1_evaluation,HOBBIES,0.053590997772675175,0.29176189290824683
HOBBIES_1_011_WI_1_evaluation,HOBBIES,0.0007948748820338913,0.1330051143550759
HOBBIES_1_012_WI_1_evaluation,HOBBIES,0.4140066933903389,0.30729720872818245
HOBBIES_1_014_TX_1_evaluation,HOBBIES,0.21248780134761913,0.43177101533639095
HOBBIES_1_016_WI_1_evaluation,HOBBIES,0.4040237303037545,0.3640788406847344
HOBBIES_1_018_TX_1_evaluation,HOBBIES,0.13957806332656675,0.4794733687676296
HOBBIES_1_021_CA_1_evaluation,HOBBIES,0.15027985516453923,0.27028207256015235
HOBBIES_1_021_TX_1_evaluation,HOBBIES,0.041045080669375844,0.34801047111110006
HOBBIES_1_022_CA_1_evaluation,HOBBIES,0.23936955768274348,0.2276958297814936
HOBBIES_1_023_TX_1_evaluation,HOBBIES,0.4011520308270303,0.2847182766591255
HOBBIES_1_029_WI_1_evaluation,HOBBIES,0.2968404920820553,0.3225264698796245
HOBBIES_1_030_CA_1_evaluation,HOBBIES,0.3121606101472115,0.23392447299099517
HOBBIES_1_031_WI_1_evaluation,HOBBIES,0.10281104679783659,0.28401618159246467
HOBBIES_1_032_CA_1_evaluation,HOBBIES,0.4133523703406834,0.2378367008986666
HOBBIES_1_032_TX_1_evaluation,HOBBIES,0.08233828200933235,0.11980427380488434
HOBBIES_1_033_TX_1_evaluation,HOBBIES,0.0,0.7405308976449022
HOBBIES_1_036_CA_1_evaluation,HOBBIES,0.2941780674323129,0.2503399189167661
HOBBIES_1_037_WI_1_evaluation,HOBBIES,0.0,0.3602074880982272
HOBBIES_1_041_WI_1_evaluation,HOBBIES,0.3129635823002984,0.3360837886498228
HOBBIES_1_043_WI_1_evaluation,HOBBIES,0.3641043546139209,0.30372081247862903
HOBBIES_1_047_WI_1_evaluation,HOBBIES,0.12976411598529758,0.2983664696755064
HOBBIES_1_049_TX_1_evaluation,HOBBIES,0.2349999535537075,0.22260546010346238
HOBBIES_1_051_CA_1_evaluation,HOBBIES,0.07097616805684814,0.5813336785531266
HOBBIES_1_051_WI_1_evaluation,HOBBIES,0.002216764071216182,0.4121197700067143
HOBBIES_1_054_TX_1_evaluation,HOBBIES,0.13411425660538778,0.4219650825608353
HOBBIES_1_058_TX_1_evaluation,HOBBIES,0.1263894333872424,0.2728860547731491
HOBBIES_1_060_CA_1_evaluation,HOBBIES,0.4269050813260131,0.3713507631896704
HOBBIES_1_061_WI_1_evaluation,HOBBIES,0.03004088961855489,0.29623015321833246
HOBBIES_1_063_TX_1_evaluation,HOBBIES,0.007432773730142728,0.27340402768906014
HOBBIES_1_078_CA_1_evaluation,HOBBIES,0.16824929460754523,0.30785033950154495
HOBBIES_1_078_WI_1_evaluation,HOBBIES,0.16480999351755288,0.2594589140455684
HOBBIES_1_081_CA_1_evaluation,HOBBIES,0.06557664886440628,0.5518320700303844
HOBBIES_1_084_CA_1_evaluation,HOBBIES,0.15020045398966497,0.25001907068950424
HOBBIES_1_085_WI_1_evaluation,HOBBIES,0.1323560654288738,0.23524279515945534
HOBBIES_1_088_TX_1_evaluation,HOBBIES,0.019189281706263994,0.05286906989088658
HOBBIES_1_089_CA_1_evaluation,HOBBIES,0.44672654321074245,0.15410892406747212
HOBBIES_1_090_TX_1_evaluation,HOBBIES,0.05714117207495617,0.5234199005141459
HOBBIES_1_090_WI_1_evaluation,HOBBIES,0.012216686189467696,0.44116937220096697
HOBBIES_1_091_TX_1_evaluation,HOBBIES,0.9769594855757844,0.9994667199587493
HOBBIES_1_095_TX_1_evaluation,HOBBIES,0.06276367998902765,0.0
HOBBIES_1_095_WI_1_evaluation,HOBBIES,0.017274668018396833,0.05843914685809737
HOBBIES_1_098_WI_1_evaluation,HOBBIES,0.03791425942350213,0.17759677735789325
HOBBIES_1_099_WI_1_evaluation,HOBBIES,0.48185534271479324,0.43772441616738733
HOBBIES_1_100_TX_1_evaluation,HOBBIES,0.09120310874066517,0.14652120140011715
HOBBIES_1_102_TX_1_evaluation,HOBBIES,0.0,0.040818911488005205
HOBBIES_1_102_WI_1_evaluation,HOBBIES,0.0,0.3377439244572453
HOBBIES_1_105_TX_1_evaluation,HOBBIES,0.0,0.2698939621406836
HOBBIES_1_105_WI_1_evaluation,HOBBIES,0.06165102343475559,0.19960913712794093
HOBBIES_1_106_TX_1_evaluation,HOBBIES,0.33574954631292353,0.20876183108948543
HOBBIES_1_107_CA_1_evaluation,HOBBIES,0.01209721524801255,0.4987546079226626
HOBBIES_1_107_WI_1_evaluation,HOBBIES,0.04067623861553005,0.31317265955719786
HOBBIES_1_110_TX_1_evaluation,HOBBIES,0.013024167754951965,0.09620185370637246
HOBBIES_1_116_TX_1_evaluation,HOBBIES,0.4364109557686635,0.47578069479073803
HOBBIES_1_118_TX_1_evaluation,HOBBIES,0.0,0.1637357654072118
HOBBIES_1_119_CA_1_evaluation,HOBBIES,0.0,0.5578183333797113
HOBBIES_1_120_WI_1_evaluation,HOBBIES,0.022264468916675773,0.4567570538300856
HOBBIES_1_121_WI_1_evaluation,HOBBIES,0.03556195055966738,0.5382906320979508
HOBBIES_1_129_TX_1_evaluation,HOBBIES,0.03948766029490425,0.3411130204700049
HOBBIES_1_130_WI_1_evaluation,HOBBIES,0.2895218284415002,0.04503932334026406
HOBBIES_1_131_CA_1_evaluation,HOBBIES,0.1432421020966287,0.2475589222528053
HOBBIES_1_137_CA_1_evaluation,HOBBIES,0.16423477351215143,0.21573910975670685
HOBBIES_1_138_CA_1_evaluation,HOBBIES,0.040648701038699886,0.1163906944085934
HOBBIES_1_140_TX_1_evaluation,HOBBIES,0.1625073065456879,0.5111807427527708
HOBBIES_1_147_TX_1_evaluation,HOBBIES,0.07072489790731218,0.1715783118211197
HOBBIES_1_153_TX_1_evaluation,HOBBIES,0.11663340250640553,0.37225723571833347
HOBBIES_1_153_WI_1_evaluation,HOBBIES,0.42853928411746567,0.052490156811695
HOBBIES_1_157_CA_1_evaluation,HOBBIES,0.4265922502678121,0.43872429081380826
HOBBIES_1_157_TX_1_evaluation,HOBBIES,0.05455137909370833,0.020824192049071044
HOBBIES_1_160_TX_1_evaluation,HOBBIES,0.11665071757596901,0.26116372602399274
HOBBIES_1_161_WI_1_evaluation,HOBBIES,0.9907395522494162,0.9994056920007097
HOBBIES_1_162_TX_1_evaluation,HOBBIES,0.0,0.0
HOBBIES_1_165_WI_1_evaluation,HOBBIES,0.1307637153030391,0.09272683188405428
HOBBIES_1_166_WI_1_evaluation,HOBBIES,0.07017800942166774,0.23357678217893763
HOBBIES_1_168_CA_1_evaluation,HOBBIES,0.8823298733607083,0.9628973083506901
HOBBIES_1_168_WI_1_evaluation,HOBBIES,0.9893117003098236,0.9997545187708964
HOBBIES_1_169_WI_1_evaluation,HOBBIES,0.014895374011124174,0.2046034948044837
HOBBIES_1_171_CA_1_evaluation,HOBBIES,0.9299517809274935,0.9979340228218844
HOBBIES_1_172_CA_1_evaluation,HOBBIES,0.03600101286475643,0.3914424609556597
HOBBIES_1_174_CA_1_evaluation,HOBBIES,0.01839665534086632,0.3359586015889703
HOBBIES_1_174_TX_1_evaluation,HOBBIES,0.12596171582833837,0.2377421230286707
HOBBIES_1_175_WI_1_evaluation,HOBBIES,0.047792429400255076,0.5674255711960192
HOBBIES_1_180_TX_1_evaluation,HOBBIES,0.6877330986347567,0.9950657114186241
HOBBIES_1_183_CA_1_evaluation,HOBBIES,0.704950572516075,0.3886721143016907
HOBBIES_1_183_TX_1_evaluation,HOBBIES,0.10399527894101712,0.5626229528485094
HOBBIES_1_184_TX_1_evaluation,HOBBIES,0.03617395920156452,0.10850170261357572
HOBBIES_1_185_TX_1_evaluation,HOBBIES,0.09432400073177416,0.1873805919724295
HOBBIES_1_188_CA_1_evaluation,HOBBIES,0.15666824021883552,0.2337011638475679
HOBBIES_1_190_CA_1_evaluation,HOBBIES,0.10382330903412618,0.9769402709629645
HOBBIES_1_194_TX_1_evaluation,HOBBIES,0.2140059282799427,0.012834115650133926
HOBBIES_1_194_WI_1_evaluation,HOBBIES,0.16075760321713972,0.13913769325362757
HOBBIES_1_195_WI_1_evaluation,HOBBIES,0.1768728812135807,0.285744057169679
HOBBIES_1_199_WI_1_evaluation,HOBBIES,0.21507394003730318,0.16584553766654375
HOBBIES_1_208_CA_1_evaluation,HOBBIES,0.20425328608929139,0.3362131007584023
HOBBIES_1_210_CA_1_evaluation,HOBBIES,0.5152509801585632,0.3669903390590874
HOBBIES_1_212_CA_1_evaluation,HOBBIES,0.010042880505757634,0.0
HOBBIES_1_212_WI_1_evaluation,HOBBIES,0.07491191526370267,0.1830459793497854
HOBBIES_1_214_WI_1_evaluation,HOBBIES,0.15804624220067276,0.14177004533528426
HOBBIES_1_215_WI_1_evaluation,HOBBIES,0.10009739476340174,0.31247468827253244
HOBBIES_1_216_WI_1_evaluation,HOBBIES,0.05229350543164213,0.23750932110333212
HOBBIES_1_221_TX_1_evaluation,HOBBIES,0.03797587307583039,0.12027791300733393
HOBBIES_1_224_WI_1_evaluation,HOBBIES,0.006358302956032236,0.43000357370955344
HOBBIES_1_231_TX_1_evaluation,HOBBIES,0.4342599033678619,0.24083365918034072
HOBBIES_1_231_WI_1_evaluation,HOBBIES,0.12586655464388907,0.16369716611835106
HOBBIES_1_234_CA_1_evaluation,HOBBIES,0.21625276728642917,0.07964463626331197
HOBBIES_1_235_TX_1_evaluation,HOBBIES,0.2922179176980656,0.3136878694897819
HOBBIES_1_238_TX_1_evaluation,HOBBIES,0.1840778758672088,0.20813253327374492
HOBBIES_1_242_TX_1_evaluation,HOBBIES,0.4140680367429571,0.4240422921216298
HOBBIES_1_245_CA_1_evaluation,HOBBIES,0.12046740330254169,0.17910821202975935
HOBBIES_1_246_CA_1_evaluation,HOBBIES,0.999995753423595,0.9999996365794888
HOBBIES_1_247_TX_1_evaluation,HOBBIES,0.9789740076009324,0.9931902976640067
HOBBIES_1_248_WI_1_evaluation,HOBBIES,0.03689470400459527,0.07555233694188346
HOBBIES_1_249_CA_1_evaluation,HOBBIES,0.30010899328305407,0.3430471913820661
HOBBIES_1_249_WI_1_evaluation,HOBBIES,0.6324810289544505,0.1732800436133486
HOBBIES_1_256_CA_1_evaluation,HOBBIES,0.1256234298923674,0.0364305897977486
HOBBIES_1_257_CA_1_evaluation,HOBBIES,0.02937973488003387,0.18822936481364916
HOBBIES_1_259_CA_1_evaluation,HOBBIES,0.04524135274628438,0.13509085580643487
HOBBIES_1_260_CA_1_evaluation,HOBBIES,0.431954841819593,0.16554853322545182
HOBBIES_1_262_WI_1_evaluation,HOBBIES,0.9999302132800734,0.999993764386913
HOBBIES_1_263_TX_1_evaluation,HOBBIES,0.13237942843852124,0.1872189281100468
HOBBIES_1_264_CA_1_evaluation,HOBBIES,0.044456302108040746,0.345665616262399
HOBBIES_1_264_WI_1_evaluation,HOBBIES,0.2257687928884461,0.08428541491151598
HOBBIES_1_266_WI_1_evaluation,HOBBIES,0.0,0.4689039210018625
HOBBIES_1_270_TX_1_evaluation,HOBBIES,0.03381342544356658,0.21337003680018196
HOBBIES_1_271_TX_1_evaluation,HOBBIES,0.06826361518030566,0.4386648764696941
HOBBIES_1_272_CA_1_evaluation,HOBBIES,0.0,0.47077240345318605
HOBBIES_1_272_TX_1_evaluation,HOBBIES,0.015350666353048603,0.02935642086625645
HOBBIES_1_272_WI_1_evaluation,HOBBIES,0.004852480049286179,0.1745940500180686
HOBBIES_1_276_TX_1_evaluation,HOBBIES,0.15348683324687729,0.2624815416223717
HOBBIES_1_276_WI_1_evaluation,HOBBIES,0.2630457339192339,0.38986638230131865
HOBBIES_1_278_CA_1_evaluation,HOBBIES,0.5746102945042952,0.42030765656458646
HOBBIES_1_280_CA_1_evaluation,HOBBIES,0.05945219783244815,0.22693214420208974
HOBBIES_1_280_WI_1_evaluation,HOBBIES,0.030945259099286027,0.2404454168244008
HOBBIES_1_281_CA_1_evaluation,HOBBIES,0.15586761728324783,0.46152509818405163
HOBBIES_1_282_TX_1_evaluation,HOBBIES,0.33433498207509416,0.15356003105414795
HOBBIES_1_283_WI_1_evaluation,HOBBIES,0.9989290508182099,0.9998912854110036
HOBBIES_1_285_TX_1_evaluation,HOBBIES,0.07647214748344378,0.20101916020317712
HOBBIES_1_286_WI_1_evaluation,HOBBIES,0.31158833397287566,0.2784186738227271
HOBBIES_1_288_CA_1_evaluation,HOBBIES,0.25593307973663837,0.2199778839010692
HOBBIES_1_289_WI_1_evaluation,HOBBIES,0.09188579589136614,0.256040794010011
HOBBIES_1_290_TX_1_evaluation,HOBBIES,0.042784804550344724,0.24709295744453375
HOBBIES_1_295_CA_1_evaluation,HOBBIES,0.4118709292063836,0.3861897392524706
HOBBIES_1_296_CA_1_evaluation,HOBBIES,0.23805458826511183,0.4272368364079032
HOBBIES_1_297_CA_1_evaluation,HOBBIES,0.5219288950251577,0.31091745944639404
HOBBIES_1_300_TX_1_evaluation,HOBBIES,0.3720208383306097,0.4736261490335766
HOBBIES_1_300_WI_1_evaluation,HOBBIES,0.18670344834131092,0.2861212170110723
HOBBIES_1_304_TX_1_evaluation,HOBBIES,0.3087316876094188,0.2637454118149095
HOBBIES_1_307_TX_1_evaluation,HOBBIES,0.031207906064066537,0.10436830928416274
HOBBIES_1_308_TX_1_evaluation,HOBBIES,0.12962632216974201,0.39262670355118867
HOBBIES_1_312_TX_1_evaluation,HOBBIES,0.11861138694445672,0.08881749293536279
HOBBIES_1_313_TX_1_evaluation,HOBBIES,0.044505056954055267,0.23477697087257643
HOBBIES_1_316_WI_1_evaluation,HOBBIES,0.2581074695083292,0.5231629398507314
HOBBIES_1_318_CA_1_evaluation,HOBBIES,0.8023484297628193,0.9967017103228394
HOBBIES_1_322_TX_1_evaluation,HOBBIES,0.00017648517470270075,0.1862277523996153
HOBBIES_1_323_CA_1_evaluation,HOBBIES,0.3298843176566417,0.22672930900409594
HOBBIES_1_326_WI_1_evaluation,HOBBIES,0.48267258761928833,0.21116385656455716
HOBBIES_1_327_TX_1_evaluation,HOBBIES,0.010357547837372638,0.2800809911303145
HOBBIES_1_329_TX_1_evaluation,HOBBIES,0.06097013884542368,0.26773841372092444
HOBBIES_1_330_TX_1_evaluation,HOBBIES,0.2582083023062295,0.19452191071854752
HOBBIES_1_331_TX_1_evaluation,HOBBIES,0.005728052545996509,0.07365699606151743
HOBBIES_1_334_WI_1_evaluation,HOBBIES,0.7378243264841459,0.9856201527669316
HOBBIES_1_335_CA_1_evaluation,HOBBIES,0.6930948231427858,0.3514636937267781
HOBBIES_1_338_TX_1_evaluation,HOBBIES,0.07318103254814423,0.16855339181812867
HOBBIES_1_338_WI_1_evaluation,HOBBIES,0.005776623692562932,0.2873822098104013
HOBBIES_1_339_TX_1_evaluation,HOBBIES,0.9532335346979826,0.992959153595774
HOBBIES_1_339_WI_1_evaluation,HOBBIES,0.7120546599113811,0.9854665055860602
HOBBIES_1_342_CA_1_evaluation,HOBBIES,0.11996908805802453,0.5121366917387473
HOBBIES_1_343_CA_1_evaluation,HOBBIES,0.011925264113334055,0.23514303780131962
HOBBIES_1_345_TX_1_evaluation,HOBBIES,0.19709936066186773,0.4704174152446674
HOBBIES_1_351_CA_1_evaluation,HOBBIES,0.03397412724294058,0.14908313842547471
HOBBIES_1_351_WI_1_evaluation,HOBBIES,0.18722306895289165,0.13278015008810273
HOBBIES_1_352_CA_1_evaluation,HOBBIES,0.009999909934001683,0.649435941206536
HOBBIES_1_353_CA_1_evaluation,HOBBIES,0.07307270849559977,0.46975984573444873
HOBBIES_1_355_WI_1_evaluation,HOBBIES,0.14655727973810273,0.18166252508664849
HOBBIES_1_356_CA_1_evaluation,HOBBIES,0.6490827258603826,0.27449646591930166
HOBBIES_1_358_TX_1_evaluation,HOBBIES,0.2756879489078805,0.4639103901421546
HOBBIES_1_358_WI_1_evaluation,HOBBIES,0.2147263796816513,0.3985182971508293
HOBBIES_1_359_CA_1_evaluation,HOBBIES,0.09155787115455705,0.2562956304952383
HOBBIES_1_360_TX_1_evaluation,HOBBIES,0.03022224876070878,0.11504404464987428
HOBBIES_1_360_WI_1_evaluation,HOBBIES,0.1378942681549168,0.2268378043319803
HOBBIES_1_361_CA_1_evaluation,HOBBIES,0.10258848978994217,0.20643685971603642
HOBBIES_1_363_WI_1_evaluation,HOBBIES,0.06963228959411805,0.32525146621681655
HOBBIES_1_368_CA_1_evaluation,HOBBIES,0.08555594127787891,0.2667357336341527
HOBBIES_1_370_TX_1_evaluation,HOBBIES,0.2915872802757712,0.15842119049486003
HOBBIES_1_372_CA_1_evaluation,HOBBIES,0.15287670851820168,0.11797764105030584
HOBBIES_1_373_CA_1_evaluation,HOBBIES,0.5480677505687825,0.4762049980545985
HOBBIES_1_373_WI_1_evaluation,HOBBIES,0.1540403259056381,0.45918686361427585
HOBBIES_1_374_CA_1_evaluation,HOBBIES,0.02862928933780251,0.3625990012841104
HOBBIES_1_377_WI_1_evaluation,HOBBIES,0.02567719923290579,0.3144375712184495
HOBBIES_1_380_CA_1_evaluation,HOBBIES,0.07085788869055076,0.23832075451452672
HOBBIES_1_383_CA_1_evaluation,HOBBIES,0.05768425775333286,0.24796816897603657
HOBBIES_1_387_TX_1_evaluation,HOBBIES,0.004430187315806355,0.3913640321714259
HOBBIES_1_387_WI_1_evaluation,HOBBIES,0.06276147933585896,0.42470483856319396
HOBBIES_1_390_WI_1_evaluation,HOBBIES,0.2927038265307229,0.3092998342746047
HOBBIES_1_391_TX_1_evaluation,HOBBIES,0.12813930728271739,0.17194895756993966
HOBBIES_1_391_WI_1_evaluation,HOBBIES,0.2884177922942248,0.18099064716528002
HOBBIES_1_397_WI_1_evaluation,HOBBIES,0.1766019283868322,0.12441608981564167
HOBBIES_1_400_CA_1_evaluation,HOBBIES,0.30437155240187397,0.4489304595882957
HOBBIES_1_408_TX_1_evaluation,HOBBIES,0.10337575203487104,0.06341768476165421
HOBBIES_1_410_CA_1_evaluation,HOBBIES,0.13763352015259733,0.5588133613838596
HOBBIES_1_412_TX_1_evaluation,HOBBIES,0.11632541704954935,0.36006218197185524
HOBBIES_1_413_CA_1_evaluation,HOBBIES,0.07413798003403971,0.18228363661307323
HOBBIES_1_413_WI_1_evaluation,HOBBIES,0.01965083683456359,0.3495556438595945
HOBBIES_1_415_WI_1_evaluation,HOBBIES,0.013213087999869644,0.1192254616410765
HOBBIES_1_419_TX_1_evaluation,HOBBIES,0.0,0.21468662329586785
HOBBIES_1_419_WI_1_evaluation,HOBBIES,0.006351835958141483,0.38022060065484786
HOBBIES_1_420_WI_1_evaluation,HOBBIES,0.08291017594305772,0.09845110787426326
HOBBIES_1_423_CA_1_evaluation,HOBBIES,0.32078786900908407,0.3966344231985556
HOBBIES_1_424_WI_1_evaluation,HOBBIES,0.17543971145528958,0.20266135331205326
HOBBIES_2_001_CA_1_evaluation,HOBBIES,0.08764856354057105,0.15178057357207997
HOBBIES_2_003_TX_1_evaluation,HOBBIES,0.3910436194694912,0.22854353033635133
HOBBIES_2_006_TX_1_evaluation,HOBBIES,0.04309974819414375,0.19160066574385937
HOBBIES_2_006_WI_1_evaluation,HOBBIES,0.01582297800241861,0.15581499511793506
HOBBIES_2_007_WI_1_evaluation,HOBBIES,0.00831663673548666,0.25496167743087705
HOBBIES_2_009_CA_1_evaluation,HOBBIES,0.09061389956928034,0.20555049605868148
HOBBIES_2_011_TX_1_evaluation,HOBBIES,0.0,0.2951364910666241
HOBBIES_2_013_CA_1_evaluation,HOBBIES,0.1365884918619391,0.2049449886195357
HOBBIES_2_014_CA_1_evaluation,HOBBIES,0.17474111023123595,0.5273104995920899
HOBBIES_2_017_WI_1_evaluation,HOBBIES,0.042599783289411386,0.047532754003313915
HOBBIES_2_020_WI_1_evaluation,HOBBIES,0.0,0.17944988661856032
HOBBIES_2_027_CA_1_evaluation,HOBBIES,0.007579060618612465,0.5241636742856128
HOBBIES_2_033_CA_1_evaluation,HOBBIES,0.2172179785879792,0.2988459559984006
HOBBIES_2_033_TX_1_evaluation,HOBBIES,0.12730737606465803,0.36468954093617545
HOBBIES_2_034_TX_1_evaluation,HOBBIES,0.0,0.0
HOBBIES_2_040_WI_1_evaluation,HOBBIES,0.9994949383672511,0.9999783281449736
HOBBIES_2_044_CA_1_evaluation,HOBBIES,0.019979955233116575,0.25250449188146606
HOBBIES_2_046_TX_1_evaluation,HOBBIES,0.10042030775752286,0.1999409778903144
HOBBIES_2_049_TX_1_evaluation,HOBBIES,0.0,0.12346681833627182
HOBBIES_2_049_WI_1_evaluation,HOBBIES,0.0,0.050335228814430644
HOBBIES_2_050_CA_1_evaluation,HOBBIES,0.1363545856250743,0.22251510124441987
HOBBIES_2_051_WI_1_evaluation,HOBBIES,0.011154835600888702,0.3520768913869514
HOBBIES_2_054_TX_1_evaluation,HOBBIES,0.1305561246127943,0.46363973444167184
HOBBIES_2_059_TX_1_evaluation,HOBBIES,0.0032306949386762263,0.41813084189771976
HOBBIES_2_060_CA_1_evaluation,HOBBIES,0.0005251092679739999,0.23748059369206787
HOBBIES_2_061_CA_1_evaluation,HOBBIES,0.1140831254573349,0.24736135938109804
HOBBIES_2_064_WI_1_evaluation,HOBBIES,0.013005367445151905,0.4422746263625862
HOBBIES_2_066_CA_1_evaluation,HOBBIES,0.003490717617937733,0.15803182046544562
HOBBIES_2_068_WI_1_evaluation,HOBBIES,0.06191424353729291,0.1349813512483392
HOBBIES_2_072_CA_1_evaluation,HOBBIES,0.07296284691205401,0.4047739918904939
HOBBIES_2_074_TX_1_evaluation,HOBBIES,0.0,0.14717072968829037
HOBBIES_2_075_CA_1_evaluation,HOBBIES,0.14358837337823382,0.11892907033890265
HOBBIES_2_078_WI_1_evaluation,HOBBIES,0.06015184444786181,0.22182728966004772
HOBBIES_2_079_TX_1_evaluation,HOBBIES,0.024188014073527997,0.025378909745236045
HOBBIES_2_082_WI_1_evaluation,HOBBIES,0.9202498656219147,0.9999015748069393
HOBBIES_2_083_TX_1_evaluation,HOBBIES,0.020225819098652953,0.1387447325763681
HOBBIES_2_089_WI_1_evaluation,HOBBIES,0.0818338900908262,0.1257572107727979
HOBBIES_2_091_WI_1_evaluation,HOBBIES,0.037181569815085136,0.37018946133630704
HOBBIES_2_092_CA_1_evaluation,HOBBIES,0.09576865986205885,0.33692665181136316
HOBBIES_2_096_TX_1_evaluation,HOBBIES,0.046664903279105774,0.10763433591297544
HOBBIES_2_098_CA_1_evaluation,HOBBIES,0.08008109922242068,0.22695670733434636
HOBBIES_2_098_TX_1_evaluation,HOBBIES,0.07082074652715997,0.3523330115005615
HOBBIES_2_099_CA_1_evaluation,HOBBIES,0.13706125649321477,0.6163891278759346
HOBBIES_2_106_CA_1_evaluation,HOBBIES,0.0,0.4206426808231608
HOBBIES_2_107_CA_1_evaluation,HOBBIES,0.08337789391181638,0.045474058395251316
HOBBIES_2_113_CA_1_evaluation,HOBBIES,0.16497490969399253,0.4582488042921029
HOBBIES_2_114_CA_1_evaluation,HOBBIES,0.023672774984698886,0.4789270176127509
HOBBIES_2_114_TX_1_evaluation,HOBBIES,0.09950901851208438,0.2894190242830115
HOBBIES_2_115_WI_1_evaluation,HOBBIES,0.1159664506155692,0.1843615418524659
HOBBIES_2_118_TX_1_evaluation,HOBBIES,0.2280405879512183,0.224017066116717
HOBBIES_2_118_WI_1_evaluation,HOBBIES,0.0,0.044531490275977026
HOBBIES_2_119_WI_1_evaluation,HOBBIES,0.04031172604580879,0.05884969631175596
HOBBIES_2_128_WI_1_evaluation,HOBBIES,0.04334188853152143,0.13578391372918186
HOBBIES_2_131_TX_1_evaluation,HOBBIES,0.17101317170837327,0.47179080212919444
HOBBIES_2_133_TX_1_evaluation,HOBBIES,0.09036937763465058,0.0572428010585615
HOBBIES_2_137_TX_1_evaluation,HOBBIES,0.026099510651023783,0.29860076556767334
HOBBIES_2_140_TX_1_evaluation,HOBBIES,0.3156595404769462,0.5853480736554354
HOBBIES_2_141_WI_1_evaluation,HOBBIES,0.08247832372116048,0.17259422907804922
HOBBIES_2_143_TX_1_evaluation,HOBBIES,0.013775252942547445,0.038077493983637245
HOBBIES_2_144_CA_1_evaluation,HOBBIES,0.22409089924092618,0.5977996730053889
HOBBIES_2_144_TX_1_evaluation,HOBBIES,0.21998674592329626,0.5632514109299407
HOBBIES_2_145_TX_1_evaluation,HOBBIES,0.3304176164335255,0.18772311077008796
HOUSEHOLD_1_003_CA_1_evaluation,HOUSEHOLD,0.046580045924638824,0.5162963351918992
HOUSEHOLD_1_009_TX_1_evaluation,HOUSEHOLD,0.9699946928008755,0.9983251313817527
HOUSEHOLD_1_012_CA_1_evaluation,HOUSEHOLD,0.6708606388199905,0.28309548766310166
HOUSEHOLD_1_015_TX_1_evaluation,HOUSEHOLD,0.006479276951493973,0.2951639390196209
HOUSEHOLD_1_018_WI_1_evaluation,HOUSEHOLD,0.4154554089024167,0.2031550755089655
HOUSEHOLD_1_022_WI_1_evaluation,HOUSEHOLD,0.9613717350800298,0.9961584016731685
HOUSEHOLD_1_025_TX_1_evaluation,HOUSEHOLD,0.04916523381362914,0.28476350213625257
HOUSEHOLD_1_026_TX_1_evaluation,HOUSEHOLD,0.9995850678281111,0.9999961337028491
HOUSEHOLD_1_028_TX_1_evaluation,HOUSEHOLD,0.14636110267499625,0.025856672316825202
HOUSEHOLD_1_029_TX_1_evaluation,HOUSEHOLD,0.15138538947710167,0.3942049775422126
HOUSEHOLD_1_030_WI_1_evaluation,HOUSEHOLD,0.026812187247353014,0.526542998792435
HOUSEHOLD_1_038_TX_1_evaluation,HOUSEHOLD,0.3451352605349848,0.3400623930236356
HOUSEHOLD_1_038_WI_1_evaluation,HOUSEHOLD,0.08865815881639239,0.29599695718511476
HOUSEHOLD_1_039_WI_1_evaluation,HOUSEHOLD,0.07385890648564697,0.3341012699402357
HOUSEHOLD_1_040_CA_1_evaluation,HOUSEHOLD,0.203638312581375,0.3233211657822602
HOUSEHOLD_1_040_TX_1_evaluation,HOUSEHOLD,0.14685778382687487,0.32225399495782925
HOUSEHOLD_1_040_WI_1_evaluation,HOUSEHOLD,0.8393007535517394,0.1625854546541694
HOUSEHOLD_1_048_CA_1_evaluation,HOUSEHOLD,0.2850880704256741,0.2696063007618372
HOUSEHOLD_1_064_TX_1_evaluation,HOUSEHOLD,0.5046125454742637,0.20792510027281053
HOUSEHOLD_1_064_WI_1_evaluation,HOUSEHOLD,0.39760932408676797,0.27728539659492446
HOUSEHOLD_1_076_TX_1_evaluation,HOUSEHOLD,0.21131836644194935,0.7905049818669155
HOUSEHOLD_1_077_TX_1_evaluation,HOUSEHOLD,0.09753642934880014,0.29110887633094407
HOUSEHOLD_1_079_CA_1_evaluation,HOUSEHOLD,0.061572099973291494,0.3560538428226475
HOUSEHOLD_1_083_CA_1_evaluation,HOUSEHOLD,0.6506612615755805,0.41486001240556936
HOUSEHOLD_1_093_CA_1_evaluation,HOUSEHOLD,0.053842796767386014,0.4347486132960302
HOUSEHOLD_1_094_TX_1_evaluation,HOUSEHOLD,0.4338915422182512,0.2616004203047293
HOUSEHOLD_1_095_CA_1_evaluation,HOUSEHOLD,0.3693227549840882,0.1585418007943532
HOUSEHOLD_1_095_WI_1_evaluation,HOUSEHOLD,0.37276699663519786,0.24460893163488462
HOUSEHOLD_1_102_WI_1_evaluation,HOUSEHOLD,0.9382294101097057,0.9998976779280994
HOUSEHOLD_1_103_CA_1_evaluation,HOUSEHOLD,0.23583627305061772,0.21249282701538552
HOUSEHOLD_1_124_TX_1_evaluation,HOUSEHOLD,0.536906100323189,0.2017741520187334
HOUSEHOLD_1_125_WI_1_evaluation,HOUSEHOLD,0.02196729946651188,0.3529335955077273
HOUSEHOLD_1_126_CA_1_evaluation,HOUSEHOLD,0.13610395825872534,0.3103088770863903
HOUSEHOLD_1_129_WI_1_evaluation,HOUSEHOLD,0.1608982072231353,0.19455003458100595
HOUSEHOLD_1_146_CA_1_evaluation,HOUSEHOLD,0.17411837450010126,0.36353855127834656
HOUSEHOLD_1_153_WI_1_evaluation,HOUSEHOLD,0.13242205461502743,0.6100621125936396
HOUSEHOLD_1_155_TX_1_evaluation,HOUSEHOLD,0.1530557825850951,0.16910008664196052
HOUSEHOLD_1_157_TX_1_evaluation,HOUSEHOLD,0.06073624913347908,0.6322256150229156
HOUSEHOLD_1_158_CA_1_evaluation,HOUSEHOLD,0.045800086004526674,0.2294831775257391
HOUSEHOLD_1_158_WI_1_evaluation,HOUSEHOLD,0.079333978644201,0.22740348767141183
HOUSEHOLD_1_161_WI_1_evaluation,HOUSEHOLD,0.27204438825796173,0.463125050182826
HOUSEHOLD_1_182_WI_1_evaluation,HOUSEHOLD,0.5979172329902884,0.2509729810073593
HOUSEHOLD_1_191_TX_1_evaluation,HOUSEHOLD,0.3740566221202497,0.38409218074210394
HOUSEHOLD_1_192_TX_1_evaluation,HOUSEHOLD,0.08711542016045604,0.2345000254454439
HOUSEHOLD_1_194_TX_1_evaluation,HOUSEHOLD,0.13411527623951935,0.28772964798145106
HOUSEHOLD_1_202_WI_1_evaluation,HOUSEHOLD,0.3069527901272553,0.0
HOUSEHOLD_1_203_CA_1_evaluation,HOUSEHOLD,0.09029387604113925,0.4059718721691883
HOUSEHOLD_1_204_WI_1_evaluation,HOUSEHOLD,0.0823974312208754,0.1366674698703374
HOUSEHOLD_1_205_CA_1_evaluation,HOUSEHOLD,0.1250917340903681,0.3541480944812314
HOUSEHOLD_1_206_CA_1_evaluation,HOUSEHOLD,0.10258214611783745,0.3031883867805655
HOUSEHOLD_1_206_TX_1_evaluation,HOUSEHOLD,0.0,0.2275502369452932
HOUSEHOLD_1_214_WI_1_evaluation,HOUSEHOLD,0.09867641567664953,0.700490802261188
HOUSEHOLD_1_217_CA_1_evaluation,HOUSEHOLD,0.4127400675925603,0.371576867072289
HOUSEHOLD_1_218_WI_1_evaluation,HOUSEHOLD,0.07233186264927027,0.4006971678277127
HOUSEHOLD_1_219_WI_1_evaluation,HOUSEHOLD,0.05920863363234985,0.4326131647190099
HOUSEHOLD_1_220_CA_1_evaluation,HOUSEHOLD,0.07704082088098219,0.5709565994932573
HOUSEHOLD_1_229_WI_1_evaluation,HOUSEHOLD,0.29410803363677573,0.20589697776555915
HOUSEHOLD_1_234_TX_1_evaluation,HOUSEHOLD,0.1851710663780175,0.13910538253946902
HOUSEHOLD_1_236_CA_1_evaluation,HOUSEHOLD,0.01900230059339414,0.22007441470129596
HOUSEHOLD_1_238_WI_1_evaluation,HOUSEHOLD,0.18449739089878459,0.6637355640726008
HOUSEHOLD_1_245_CA_1_evaluation,HOUSEHOLD,0.5367219004254702,0.7594473763441251
HOUSEHOLD_1_248_WI_1_evaluation,HOUSEHOLD,0.12007184349345212,0.2831719470392736
HOUSEHOLD_1_255_CA_1_evaluation,HOUSEHOLD,0.15161135592732744,0.30354245703122373
HOUSEHOLD_1_262_TX_1_evaluation,HOUSEHOLD,0.2986865784068202,0.39356163319316584
HOUSEHOLD_1_264_TX_1_evaluation,HOUSEHOLD,0.06765195890450126,0.725790285868686
HOUSEHOLD_1_267_CA_1_evaluation,HOUSEHOLD,0.9680087468864844,0.9956050460870959
HOUSEHOLD_1_268_TX_1_evaluation,HOUSEHOLD,0.13529708331447998,0.13935927293412442
HOUSEHOLD_1_269_TX_1_evaluation,HOUSEHOLD,0.6551097000565009,0.33296536713266445
HOUSEHOLD_1_275_TX_1_evaluation,HOUSEHOLD,0.06044704255636357,0.228071434996163
HOUSEHOLD_1_277_WI_1_evaluation,HOUSEHOLD,0.0751313970328581,0.467332642329638
HOUSEHOLD_1_291_CA_1_evaluation,HOUSEHOLD,0.07805972667565753,0.3610436376512991
HOUSEHOLD_1_295_TX_1_evaluation,HOUSEHOLD,0.07049244589255932,0.19369683052058295
HOUSEHOLD_1_296_TX_1_evaluation,HOUSEHOLD,0.27033760917833605,0.799928235683552
HOUSEHOLD_1_299_WI_1_evaluation,HOUSEHOLD,0.203454148050919,0.46472048327148185
HOUSEHOLD_1_302_TX_1_evaluation,HOUSEHOLD,0.39756117700649307,0.17624627007281812
HOUSEHOLD_1_303_TX_1_evaluation,HOUSEHOLD,0.0,0.18147321522947257
HOUSEHOLD_1_305_CA_1_evaluation,HOUSEHOLD,0.048855923903385445,0.35284370436906176
HOUSEHOLD_1_306_CA_1_evaluation,HOUSEHOLD,0.7725936489905278,0.995364150234863
HOUSEHOLD_1_307_WI_1_evaluation,HOUSEHOLD,0.905865013378726,0.9738558763469286
HOUSEHOLD_1_313_CA_1_evaluation,HOUSEHOLD,0.5139265164744493,0.2765399069149732
HOUSEHOLD_1_315_TX_1_evaluation,HOUSEHOLD,0.08767601035838402,0.17576389065918974
HOUSEHOLD_1_318_CA_1_evaluation,HOUSEHOLD,0.21246554270674534,0.103596999129829
HOUSEHOLD_1_323_CA_1_evaluation,HOUSEHOLD,0.00676079917401029,0.22441278227094286
HOUSEHOLD_1_323_TX_1_evaluation,HOUSEHOLD,0.1519298659205458,0.45046348455383434
HOUSEHOLD_1_329_CA_1_evaluation,HOUSEHOLD,0.3564657808359104,0.28770306384582145
HOUSEHOLD_1_338_WI_1_evaluation,HOUSEHOLD,0.05784801783033433,0.44233373122795294
HOUSEHOLD_1_344_CA_1_evaluation,HOUSEHOLD,0.2107572837957682,0.41836872614468956
HOUSEHOLD_1_348_WI_1_evaluation,HOUSEHOLD,0.06537835299020434,0.3224457442672013
HOUSEHOLD_1_354_CA_1_evaluation,HOUSEHOLD,0.4651887128633855,0.45985078339803687
HOUSEHOLD_1_367_WI_1_evaluation,HOUSEHOLD,0.06731694013313427,0.3130959829786658
HOUSEHOLD_1_368_TX_1_evaluation,HOUSEHOLD,0.05141147046233541,0.2659340774680512
HOUSEHOLD_1_374_WI_1_evaluation,HOUSEHOLD,0.051747952246353535,0.17331532748794565
HOUSEHOLD_1_375_TX_1_evaluation,HOUSEHOLD,0.22018298267380787,0.07503553830324883
HOUSEHOLD_1_377_TX_1_evaluation,HOUSEHOLD,0.10254863329027952,0.3270105958469114
HOUSEHOLD_1_379_TX_1_evaluation,HOUSEHOLD,0.31310358692189844,0.14335034828613225
HOUSEHOLD_1_381_WI_1_evaluation,HOUSEHOLD,0.08689867751546787,0.3507456981302315
HOUSEHOLD_1_386_CA_1_evaluation,HOUSEHOLD,0.06013298441910453,0.5156841730495113
HOUSEHOLD_1_394_WI_1_evaluation,HOUSEHOLD,0.1002102942196792,0.3947146980000511
HOUSEHOLD_1_395_WI_1_evaluation,HOUSEHOLD,0.21329485490355304,0.20561062264084895
HOUSEHOLD_1_399_WI_1_evaluation,HOUSEHOLD,0.8869910295546029,0.43290635418990864
HOUSEHOLD_1_401_WI_1_evaluation,HOUSEHOLD,0.23604812284543297,0.3238710548810012
HOUSEHOLD_1_414_CA_1_evaluation,HOUSEHOLD,0.09235930156714989,0.0
HOUSEHOLD_1_421_TX_1_evaluation,HOUSEHOLD,0.3935124688053073,0.06697365958257118
HOUSEHOLD_1_422_CA_1_evaluation,HOUSEHOLD,0.09412181567715039,0.33127926383142237
HOUSEHOLD_1_425_WI_1_evaluation,HOUSEHOLD,0.20844972017837382,0.23794695084358386
HOUSEHOLD_1_430_CA_1_evaluation,HOUSEHOLD,0.21477185531229304,0.04941371760976365
HOUSEHOLD_1_432_CA_1_evaluation,HOUSEHOLD,0.013235052859690288,0.1607454090929301
HOUSEHOLD_1_437_TX_1_evaluation,HOUSEHOLD,0.09706232321266428,0.16260813367567173
HOUSEHOLD_1_438_TX_1_evaluation,HOUSEHOLD,0.1345665269665327,0.1131169562226606
HOUSEHOLD_1_438_WI_1_evaluation,HOUSEHOLD,0.6253944647625076,0.34361974460926425
HOUSEHOLD_1_439_CA_1_evaluation,HOUSEHOLD,0.3084257612356479,0.37007893869612096
HOUSEHOLD_1_439_TX_1_evaluation,HOUSEHOLD,0.14341748343004712,0.21313195090482573
HOUSEHOLD_1_444_CA_1_evaluation,HOUSEHOLD,0.9986884771825111,0.999892559287351
HOUSEHOLD_1_446_CA_1_evaluation,HOUSEHOLD,0.08588872921602986,0.3780886256918853
HOUSEHOLD_1_448_TX_1_evaluation,HOUSEHOLD,0.41586848136586074,0.6424334751737507
HOUSEHOLD_1_449_TX_1_evaluation,HOUSEHOLD,0.09938360967020843,0.3529285623001365
HOUSEHOLD_1_450_TX_1_evaluation,HOUSEHOLD,0.9984949915834063,0.999263785783655
HOUSEHOLD_1_450_WI_1_evaluation,HOUSEHOLD,0.10784408820444791,0.49138841325554516
HOUSEHOLD_1_451_CA_1_evaluation,HOUSEHOLD,0.20468831563470113,0.3863634670022513
HOUSEHOLD_1_452_CA_1_evaluation,HOUSEHOLD,0.5003077630405249,0.2516155226486978
HOUSEHOLD_1_455_TX_1_evaluation,HOUSEHOLD,0.41080937196066725,0.9869092144878141
HOUSEHOLD_1_460_TX_1_evaluation,HOUSEHOLD,0.23249787681871847,0.20941002696283162
HOUSEHOLD_1_462_TX_1_evaluation,HOUSEHOLD,0.18653307602479907,0.2736463753607421
HOUSEHOLD_1_463_CA_1_evaluation,HOUSEHOLD,0.0,0.4704876002834397
HOUSEHOLD_1_471_TX_1_evaluation,HOUSEHOLD,0.5021899395305194,0.17947725341940513
HOUSEHOLD_1_475_TX_1_evaluation,HOUSEHOLD,0.08157417002248002,0.24573534259359353
HOUSEHOLD_1_478_TX_1_evaluation,HOUSEHOLD,0.24270173587172628,0.3766761658700053
HOUSEHOLD_1_479_CA_1_evaluation,HOUSEHOLD,0.37016450384609234,0.24710409991542504
HOUSEHOLD_1_486_CA_1_evaluation,HOUSEHOLD,0.14646706751427863,0.32279197931598336
HOUSEHOLD_1_486_TX_1_evaluation,HOUSEHOLD,0.004789817844478628,0.28675708195040195
HOUSEHOLD_1_491_TX_1_evaluation,HOUSEHOLD,0.33882915311771156,0.6035302177065507
HOUSEHOLD_1_491_WI_1_evaluation,HOUSEHOLD,0.00024912095498597076,0.6434313693879918
HOUSEHOLD_1_493_TX_1_evaluation,HOUSEHOLD,0.009835057144661818,0.13360583535649628
HOUSEHOLD_1_498_WI_1_evaluation,HOUSEHOLD,0.10231070653328289,0.26958570503441315
HOUSEHOLD_1_504_TX_1_evaluation,HOUSEHOLD,0.047845881968453075,0.2679612951864546
HOUSEHOLD_1_508_WI_1_evaluation,HOUSEHOLD,0.304524590917177,0.12554935272010936
HOUSEHOLD_1_513_TX_1_evaluation,HOUSEHOLD,0.39146682787026876,0.2783918668480432
HOUSEHOLD_1_514_CA_1_evaluation,HOUSEHOLD,0.14168019662593534,0.6282910458732469
HOUSEHOLD_1_514_TX_1_evaluation,HOUSEHOLD,0.28067361238745336,0.3860510167928247
HOUSEHOLD_1_517_WI_1_evaluation,HOUSEHOLD,0.05127071392974669,0.38095866703336534
HOUSEHOLD_1_522_TX_1_evaluation,HOUSEHOLD,0.38296301274759126,0.308626614170471
HOUSEHOLD_1_535_TX_1_evaluation,HOUSEHOLD,0.24685293272907438,0.3976755115304672
HOUSEHOLD_1_540_CA_1_evaluation,HOUSEHOLD,0.200584708688341,0.4198566694102135
HOUSEHOLD_2_001_TX_1_evaluation,HOUSEHOLD,0.13350310347046712,0.36006219125511507
HOUSEHOLD_2_004_CA_1_evaluation,HOUSEHOLD,0.04745881326223789,0.1482580659316992
HOUSEHOLD_2_010_WI_1_evaluation,HOUSEHOLD,0.05198500364980552,0.2616830029552071
HOUSEHOLD_2_011_WI_1_evaluation,HOUSEHOLD,0.14912731597461593,0.45117720597888533
HOUSEHOLD_2_021_TX_1_evaluation,HOUSEHOLD,0.05721329140828291,0.2362623767984201
HOUSEHOLD_2_022_CA_1_evaluation,HOUSEHOLD,0.0,0.44144429662966267
HOUSEHOLD_2_024_CA_1_evaluation,HOUSEHOLD,0.0,0.29937350609152324
HOUSEHOLD_2_027_CA_1_evaluation,HOUSEHOLD,0.44650495356745645,0.6777394506977379
HOUSEHOLD_2_027_TX_1_evaluation,HOUSEHOLD,0.0,0.5487471199140217
HOUSEHOLD_2_032_CA_1_evaluation,HOUSEHOLD,0.014967361437459914,0.36074753288071804
HOUSEHOLD_2_036_CA_1_evaluation,HOUSEHOLD,0.2786182364279819,0.4165665924358083
HOUSEHOLD_2_037_CA_1_evaluation,HOUSEHOLD,0.06858140404755297,0.45498007529855067
HOUSEHOLD_2_046_WI_1_evaluation,HOUSEHOLD,0.005084558865189992,0.3258791277727272
HOUSEHOLD_2_050_TX_1_evaluation,HOUSEHOLD,0.01689567767483935,0.22090793773894135
HOUSEHOLD_2_062_CA_1_evaluation,HOUSEHOLD,0.27129482849749686,0.10982922198220746
HOUSEHOLD_2_073_WI_1_evaluation,HOUSEHOLD,0.08389299906602066,0.13732153376118117
HOUSEHOLD_2_079_WI_1_evaluation,HOUSEHOLD,0.0046700276499811455,0.2274145419652096
HOUSEHOLD_2_080_TX_1_evaluation,HOUSEHOLD,0.1881721530803937,0.7627067763086055
HOUSEHOLD_2_091_WI_1_evaluation,HOUSEHOLD,0.00684732381676989,0.23178117813050936
HOUSEHOLD_2_093_CA_1_evaluation,HOUSEHOLD,0.05381525612281346,0.5333394983478263
HOUSEHOLD_2_093_WI_1_evaluation,HOUSEHOLD,0.005885986014487976,0.4499159613184902
HOUSEHOLD_2_094_CA_1_evaluation,HOUSEHOLD,0.10612364971087307,0.23678108190419878
HOUSEHOLD_2_097_CA_1_evaluation,HOUSEHOLD,0.2703879387620275,0.25292127778158957
HOUSEHOLD_2_100_WI_1_evaluation,HOUSEHOLD,0.057324927698906514,0.43877467274589077
HOUSEHOLD_2_112_TX_1_evaluation,HOUSEHOLD,0.04691966634724454,0.23849359668231118
HOUSEHOLD_2_115_CA_1_evaluation,HOUSEHOLD,0.38330596860068844,0.31256367409006447
HOUSEHOLD_2_117_CA_1_evaluation,HOUSEHOLD,0.044969678622366005,0.0
HOUSEHOLD_2_127_TX_1_evaluation,HOUSEHOLD,0.12550760198396194,0.39778370234355676
HOUSEHOLD_2_129_TX_1_evaluation,HOUSEHOLD,0.9987273385719101,0.999388148770852
HOUSEHOLD_2_133_WI_1_evaluation,HOUSEHOLD,0.021173076166774885,0.3160705020809762
HOUSEHOLD_2_135_WI_1_evaluation,HOUSEHOLD,0.15757433750535244,0.3456937181280608
HOUSEHOLD_2_136_WI_1_evaluation,HOUSEHOLD,0.13773789792638158,0.2772459966452079
HOUSEHOLD_2_137_TX_1_evaluation,HOUSEHOLD,0.080519388595373,0.07777439740658432
HOUSEHOLD_2_146_WI_1_evaluation,HOUSEHOLD,0.0,0.3953612987743529
HOUSEHOLD_2_149_CA_1_evaluation,HOUSEHOLD,0.06290472183727214,0.1636299113510522
HOUSEHOLD_2_156_CA_1_evaluation,HOUSEHOLD,0.08134785147595969,0.24494387624428282
HOUSEHOLD_2_156_WI_1_evaluation,HOUSEHOLD,0.1354415884996838,0.09370914515467066
HOUSEHOLD_2_162_WI_1_evaluation,HOUSEHOLD,0.031545805980685904,0.08847102968870313
HOUSEHOLD_2_165_WI_1_evaluation,HOUSEHOLD,0.09384011241196755,0.2932445800256891
HOUSEHOLD_2_180_TX_1_evaluation,HOUSEHOLD,0.8850187037181244,0.9692355135945032
HOUSEHOLD_2_185_WI_1_evaluation,HOUSEHOLD,0.009904290189219678,0.4754522723362561
HOUSEHOLD_2_187_WI_1_evaluation,HOUSEHOLD,0.40816460116018827,0.589958000371957
HOUSEHOLD_2_189_WI_1_evaluation,HOUSEHOLD,0.06764828086278885,0.40864700496782624
HOUSEHOLD_2_190_WI_1_evaluation,HOUSEHOLD,0.40941757243445387,0.2134879651992737
HOUSEHOLD_2_220_TX_1_evaluation,HOUSEHOLD,0.014253185254847756,0.17810218435789538
HOUSEHOLD_2_225_TX_1_evaluation,HOUSEHOLD,0.9724276578511527,0.990046221750863
HOUSEHOLD_2_232_CA_1_evaluation,HOUSEHOLD,0.13891150921892836,0.4373927352506931
HOUSEHOLD_2_234_WI_1_evaluation,HOUSEHOLD,0.12022723983396777,0.37308065647997923
HOUSEHOLD_2_236_CA_1_evaluation,HOUSEHOLD,0.13756626106608005,0.15653422243511972
HOUSEHOLD_2_236_TX_1_evaluation,HOUSEHOLD,0.06539452493549347,0.2784250863331147
HOUSEHOLD_2_240_CA_1_evaluation,HOUSEHOLD,0.04291855926638999,0.7096454561789189
HOUSEHOLD_2_240_TX_1_evaluation,HOUSEHOLD,0.0,0.46141486783048413
HOUSEHOLD_2_251_TX_1_evaluation,HOUSEHOLD,0.0038907437211607165,0.29833072026191776
HOUSEHOLD_2_252_WI_1_evaluation,HOUSEHOLD,0.09206611533888787,0.18905252748861212
HOUSEHOLD_2_255_WI_1_evaluation,HOUSEHOLD,0.06397461754228184,0.30272468450844536
HOUSEHOLD_2_256_CA_1_evaluation,HOUSEHOLD,0.16826269790946136,0.31693024554024574
HOUSEHOLD_2_258_CA_1_evaluation,HOUSEHOLD,0.0,0.2546458702713499
HOUSEHOLD_2_265_CA_1_evaluation,HOUSEHOLD,0.06444727850045384,0.18775820004012134
HOUSEHOLD_2_272_CA_1_evaluation,HOUSEHOLD,0.10944195680495927,0.5455620760345841
HOUSEHOLD_2_273_TX_1_evaluation,HOUSEHOLD,0.08436416646311806,0.390992111673513
HOUSEHOLD_2_278_TX_1_evaluation,HOUSEHOLD,0.07314398065207339,0.08752952879803666
HOUSEHOLD_2_279_WI_1_evaluation,HOUSEHOLD,0.16081082556976067,0.3778042760559781
HOUSEHOLD_2_281_CA_1_evaluation,HOUSEHOLD,0.20497688067575026,0.10720544864119541
HOUSEHOLD_2_288_CA_1_evaluation,HOUSEHOLD,0.19975888553058996,0.2627822277686592
HOUSEHOLD_2_299_CA_1_evaluation,HOUSEHOLD,0.23796574090025557,0.2809993763572183
HOUSEHOLD_2_299_WI_1_evaluation,HOUSEHOLD,0.4931862255728384,0.24333637286909893
HOUSEHOLD_2_301_TX_1_evaluation,HOUSEHOLD,0.19287512678166907,0.13046652133642533
HOUSEHOLD_2_303_CA_1_evaluation,HOUSEHOLD,0.0486845421605846,0.42948795198636636
HOUSEHOLD_2_304_WI_1_evaluation,HOUSEHOLD,0.0708187823978691,0.2997257902972237
HOUSEHOLD_2_308_WI_1_evaluation,HOUSEHOLD,0.33141494560422924,0.28390799528817656
HOUSEHOLD_2_321_TX_1_evaluation,HOUSEHOLD,0.17640277315210506,0.330830947362982
HOUSEHOLD_2_322_CA_1_evaluation,HOUSEHOLD,0.04022003009174491,0.4153903009038501
HOUSEHOLD_2_327_TX_1_evaluation,HOUSEHOLD,0.28164416641512735,0.16878730701746347
HOUSEHOLD_2_328_TX_1_evaluation,HOUSEHOLD,0.0,0.28714861972755235
HOUSEHOLD_2_329_CA_1_evaluation,HOUSEHOLD,0.44794132795621544,0.32960177754158093
HOUSEHOLD_2_333_TX_1_evaluation,HOUSEHOLD,0.10694146901437351,0.47559608689310506
HOUSEHOLD_2_342_CA_1_evaluation,HOUSEHOLD,0.014365354167827915,0.3243829186264777
HOUSEHOLD_2_350_WI_1_evaluation,HOUSEHOLD,0.047657808256235334,0.22099650382404745
HOUSEHOLD_2_355_WI_1_evaluation,HOUSEHOLD,0.006174713493162454,0.24607030715954403
HOUSEHOLD_2_357_TX_1_evaluation,HOUSEHOLD,0.02061916185471635,0.3181224728173381
HOUSEHOLD_2_373_WI_1_evaluation,HOUSEHOLD,0.228581674916296,0.24550707289939777
HOUSEHOLD_2_374_CA_1_evaluation,HOUSEHOLD,0.32225914368350816,0.4682738340306931
HOUSEHOLD_2_376_WI_1_evaluation,HOUSEHOLD,0.17919209440055262,0.15488541479203
HOUSEHOLD_2_379_WI_1_evaluation,HOUSEHOLD,0.07182481033034704,0.322706009278502
HOUSEHOLD_2_381_WI_1_evaluation,HOUSEHOLD,0.0839610107481088,0.978955501278289
HOUSEHOLD_2_384_WI_1_evaluation,HOUSEHOLD,0.0,0.16841789120860529
HOUSEHOLD_2_391_WI_1_evaluation,HOUSEHOLD,0.10727511777755838,0.30333465533970805
HOUSEHOLD_2_394_WI_1_evaluation,HOUSEHOLD,0.1799710711571384,0.21971626276150413
HOUSEHOLD_2_398_CA_1_evaluation,HOUSEHOLD,0.15111470844437003,0.17693443000661557
HOUSEHOLD_2_400_TX_1_evaluation,HOUSEHOLD,0.24780664937896246,0.700337996664312
HOUSEHOLD_2_405_TX_1_evaluation,HOUSEHOLD,0.050758816889409086,0.41793389696074856
HOUSEHOLD_2_406_WI_1_evaluation,HOUSEHOLD,0.07432731168472029,0.2844643726677294
HOUSEHOLD_2_407_TX_1_evaluation,HOUSEHOLD,0.31154759369955354,0.3217213585321742
HOUSEHOLD_2_408_WI_1_evaluation,HOUSEHOLD,0.01909776630692339,0.168657587939
HOUSEHOLD_2_409_WI_1_evaluation,HOUSEHOLD,0.03403392347746581,0.28523887337841025
HOUSEHOLD_2_416_TX_1_evaluation,HOUSEHOLD,0.007311654923143895,0.2375835545628503
HOUSEHOLD_2_417_WI_1_evaluation,HOUSEHOLD,0.043551225704187346,0.3298748843543633
HOUSEHOLD_2_419_CA_1_evaluation,HOUSEHOLD,0.0,0.5647136430251524
HOUSEHOLD_2_427_WI_1_evaluation,HOUSEHOLD,0.07221665140211941,0.30154310640131576
HOUSEHOLD_2_435_CA_1_evaluation,HOUSEHOLD,0.01998703600686702,0.27002768696102786
HOUSEHOLD_2_438_TX_1_evaluation,HOUSEHOLD,0.14450599467865233,0.2597923508930232
HOUSEHOLD_2_441_TX_1_evaluation,HOUSEHOLD,0.01462831397856712,0.0
HOUSEHOLD_2_442_CA_1_evaluation,HOUSEHOLD,0.5723598933352945,0.2692175822527343
HOUSEHOLD_2_443_WI_1_evaluation,HOUSEHOLD,0.035501353035405026,0.32805451533091745
HOUSEHOLD_2_449_CA_1_evaluation,HOUSEHOLD,0.006607651782849722,0.6079693902045605
HOUSEHOLD_2_455_WI_1_evaluation,HOUSEHOLD,0.22449416563050495,0.2577455142501802
HOUSEHOLD_2_458_CA_1_evaluation,HOUSEHOLD,0.0,0.13508296433549505
HOUSEHOLD_2_459_TX_1_evaluation,HOUSEHOLD,0.0,0.4462303668255202
HOUSEHOLD_2_466_CA_1_evaluation,HOUSEHOLD,0.054996634591102045,0.3724609260221958
HOUSEHOLD_2_473_TX_1_evaluation,HOUSEHOLD,0.03315427784542657,0.19143741407253323
HOUSEHOLD_2_477_CA_1_evaluation,HOUSEHOLD,0.4326071037213032,0.8660679787557842
HOUSEHOLD_2_479_WI_1_evaluation,HOUSEHOLD,0.004213717203399359,0.170932211716338
HOUSEHOLD_2_480_CA_1_evaluation,HOUSEHOLD,0.1540743231095335,0.3260662378796191
HOUSEHOLD_2_481_CA_1_evaluation,HOUSEHOLD,0.28010487324072264,0.2021463652341272
HOUSEHOLD_2_481_TX_1_evaluation,HOUSEHOLD,0.08640103462760484,0.3183270063542534
HOUSEHOLD_2_482_CA_1_evaluation,HOUSEHOLD,0.18443666576597273,0.36288810680588046
HOUSEHOLD_2_495_CA_1_evaluation,HOUSEHOLD,0.013157365916855346,0.06188066981753515
HOUSEHOLD_2_501_WI_1_evaluation,HOUSEHOLD,0.049105094122626314,0.22171843982200257
HOUSEHOLD_2_506_TX_1_evaluation,HOUSEHOLD,0.014499453947622865,0.30024958931734
HOUSEHOLD_2_508_WI_1_evaluation,HOUSEHOLD,0.0,0.20884345451451636
HOUSEHOLD_2_509_CA_1_evaluation,HOUSEHOLD,0.09504498302851327,0.20937313765522925
HOUSEHOLD_2_513_CA_1_evaluation,HOUSEHOLD,0.355231618027228,0.574437199306089
HOUSEHOLD_2_516_TX_1_evaluation,HOUSEHOLD,0.01235282940256166,0.13405587593230794
